{
  "pos_x": -822.78,
  "pos_y": -839.96,
  "escala_x": 1.806962,
  "escala_y": 1.806817,
  "largura_px": 5376,
  "altura_px": 4352,
  "zoom": 16
}